{
  "dmsq31": 5.2e-05,
  "sinsq12": 0.007264,
  "dmsq21": 0.0,
  "sinsq13": 0.000699,
  "alpha_RC": 0.012269,
  "alpha_reactor1": 0.007995,
  "alpha_reactor2": 0.007995,
  "alpha_reactor3": 0.007995,
  "alpha_reactor4": 0.007995,
  "alpha_reactor5": 0.007995,
  "alpha_reactor6": 0.007995,
  "alpha_reactor7": 0.007995,
  "alpha_reactor8": 0.007995,
  "alpha_reactor9": 0.007995,
  "alpha_D": 0.009187,
  "alpha_bkg0": 0.01,
  "alpha_bkg1": 0.999605,
  "alpha_bkg2": 0.199797,
  "alpha_bkg3": 0.499988,
  "alpha_bkg4": 0.298459,
  "alpha_bkg5": 0.02,
  "alpha_bkg6": 0.499873,
  "alpha_Eres_a": 0.079771,
  "alpha_Eres_b": 0.012,
  "alpha_Eres_c": 0.001,
  "alpha_l_pull0": 2.028163,
  "alpha_l_pull1": 6.245174,
  "alpha_l_pull2": 4.902543,
  "alpha_l_pull3": 50.969972
}