{
  "dmsq31": 3e-05,
  "sinsq12": 0.006861,
  "dmsq21": 0.0,
  "sinsq13": 0.000687,
  "alpha_RC": 0.012167,
  "alpha_reactor1": 0.00794,
  "alpha_reactor2": 0.00794,
  "alpha_reactor3": 0.00794,
  "alpha_reactor4": 0.00794,
  "alpha_reactor5": 0.00794,
  "alpha_reactor6": 0.00794,
  "alpha_reactor7": 0.00794,
  "alpha_reactor8": 0.00794,
  "alpha_reactor9": 0.00794,
  "alpha_D": 0.00918,
  "alpha_bkg0": 0.01,
  "alpha_bkg1": 0.999141,
  "alpha_bkg2": 0.1996,
  "alpha_bkg3": 0.499972,
  "alpha_bkg4": 0.298996,
  "alpha_bkg5": 0.019999,
  "alpha_bkg6": 0.49972,
  "alpha_Eres_a": 0.079193,
  "alpha_Eres_b": 0.012,
  "alpha_Eres_c": 0.001,
  "alpha_l_pull0": 1.060785,
  "alpha_l_pull1": 2.110845,
  "alpha_l_pull2": 1.993015,
  "alpha_l_pull3": 10.813904
}