{
  "dmsq31": 2.9e-05,
  "sinsq12": 0.006984,
  "dmsq21": 1e-06,
  "sinsq13": 0.000699,
  "alpha_RC": 0.018445,
  "alpha_reactor1": 0.007997,
  "alpha_reactor2": 0.007997,
  "alpha_reactor3": 0.007999,
  "alpha_reactor4": 0.007999,
  "alpha_reactor5": 0.007999,
  "alpha_reactor6": 0.007999,
  "alpha_reactor7": 0.007999,
  "alpha_reactor8": 0.007999,
  "alpha_reactor9": 0.019586,
  "alpha_D": 0.009811,
  "alpha_bkg0": 0.009999,
  "alpha_bkg1": 0.882131,
  "alpha_bkg2": 0.192683,
  "alpha_bkg3": 0.499739,
  "alpha_bkg4": 0.260242,
  "alpha_bkg5": 0.02,
  "alpha_bkg6": 0.469453,
  "alpha_Eres_a": 0.00765,
  "alpha_Eres_b": 0.015625,
  "alpha_Eres_c": 0.033299,
  "alpha_l_pull0": 0.992026,
  "alpha_l_pull1": 0.971169,
  "alpha_l_pull2": 0.96856,
  "alpha_l_pull3": 0.962662
}
