{
  "dmsq31": 2.7e-05,
  "sinsq12": 0.004971,
  "dmsq21": 0.0,
  "sinsq13": 0.000699,
  "alpha_RC": 0.010705,
  "alpha_reactor1": 0.007994,
  "alpha_reactor2": 0.007994,
  "alpha_reactor3": 0.007994,
  "alpha_reactor4": 0.007994,
  "alpha_reactor5": 0.007994,
  "alpha_reactor6": 0.007994,
  "alpha_reactor7": 0.007994,
  "alpha_reactor8": 0.007994,
  "alpha_reactor9": 0.007994,
  "alpha_D": 0.009064,
  "alpha_bkg0": 0.01,
  "alpha_bkg1": 0.999563,
  "alpha_bkg2": 0.199776,
  "alpha_bkg3": 0.499986,
  "alpha_bkg4": 0.298295,
  "alpha_bkg5": 0.02,
  "alpha_bkg6": 0.49986,
  "alpha_Eres_a": 0.08019,
  "alpha_Eres_b": 0.012,
  "alpha_Eres_c": 0.001,
  "alpha_l_pull0": 0.683218,
  "alpha_l_pull1": 1.431911,
  "alpha_l_pull2": 1.342594,
  "alpha_l_pull3": 10.574894
}